{
  "averaged_results": {
    "Bubble Sort": [
      0.0003352959950764974,
      0.00861215591430664,
      0.0371855894724528,
      0.15001726150512695,
      1.0284141699473064
    ],
    "Selection Sort": [
      0.00017603238423665365,
      0.004323323567708333,
      0.017063061396280926,
      0.0647725264231364,
      0.40853309631347656
    ],
    "Insertion Sort": [
      0.0001979668935139974,
      0.004556179046630859,
      0.01929465929667155,
      0.07650335629781087,
      0.48475050926208496
    ],
    "Merge Sort": [
      0.00013645490010579428,
      0.0007345676422119141,
      0.0016294320424397786,
      0.003660996754964193,
      0.010399897893269857
    ]
  },
  "input_sizes": [
    100,
    500,
    1000,
    2000,
    5000
  ]
}